source_id,source_name,source_type,primary_url,automation_method,phase2_priority,notes
zotero-catalogue,NeuroNZ Zotero catalogue collection,Zotero API,https://api.zotero.org/users/21117133/collections/VNEB8Z2T/items?format=json&include=data,Zotero Web API,1,Primary collection source for catalogue records
zotero-evidence,NeuroNZ Zotero evidence collection,Zotero API,https://api.zotero.org/users/21117133/collections/CI4SRMX3/items?format=json&include=data,Zotero Web API,1,Primary collection source for evidence records
zotero-taxonomy,NeuroNZ Zotero condition taxonomy collection,Zotero API,https://api.zotero.org/users/21117133/collections/Q3ZM44NE/items?format=json&include=data,Zotero Web API,1,Primary source for condition taxonomy records
data-govt-nz,data.govt.nz,NZ data catalogue,https://catalogue.data.govt.nz/,CKAN API or catalogue API,1,Monitor for NZ public datasets relevant to neurological conditions and disability
health-nz,Health New Zealand Te Whatu Ora,NZ public health source,https://www.tewhatuora.govt.nz/,RSS sitemap or scheduled page monitor,1,Monitor publications datasets service pages and national health information
ministry-health,Ministry of Health,NZ government source,https://www.health.govt.nz/,RSS sitemap or scheduled page monitor,1,Monitor reports statistics publications and data releases
stats-nz,Stats NZ,NZ official statistics,https://www.stats.govt.nz/,API RSS or scheduled page monitor,1,Monitor population health disability mortality and demographic sources
hqsc,Health Quality and Safety Commission,NZ quality source,https://www.hqsc.govt.nz/,RSS sitemap or scheduled page monitor,2,Monitor quality indicators reports and topic pages
acc,Accident Compensation Corporation,NZ government/administrative source,https://www.acc.co.nz/,Scheduled page monitor,2,Monitor injury claims rehabilitation and neurological injury-related public data
pharmac,Pharmac,NZ medicines source,https://pharmac.govt.nz/,Scheduled page monitor,2,Monitor neurological medicine funding data and decisions
hrc,Health Research Council,NZ research source,https://www.hrc.govt.nz/,Scheduled page monitor,2,Monitor funded research projects relevant to neurological conditions
pubmed,PubMed/MEDLINE,Bibliographic database,https://pubmed.ncbi.nlm.nih.gov/,NCBI E-utilities or RSS,1,Monitor NZ neurological publications using saved search strategy
openalex,OpenAlex,Bibliographic metadata,https://openalex.org/,OpenAlex API,2,Supplementary bibliographic discovery and DOI metadata enrichment
semantic-scholar,Semantic Scholar,Bibliographic metadata,https://www.semanticscholar.org/,Semantic Scholar API,3,Supplementary citation and metadata discovery where permitted
healthpoint,Healthpoint,NZ service directory,https://www.healthpoint.co.nz/,Scheduled page monitor,3,Monitor service/resource entries when relevant to public navigation
healthify,Healthify,NZ health information,https://healthify.nz/,Scheduled page monitor,3,Monitor public health information pages relevant to neurological condition support
neurological-foundation,Neurological Foundation,NZ NGO/research source,https://neurological.org.nz/,Scheduled page monitor,2,Monitor NZ neurological research and public information
multiple-sclerosis-nz,Multiple Sclerosis New Zealand,NZ NGO/source,https://www.msnz.org.nz/,Scheduled page monitor,3,Monitor support/service/source changes for MS-related entries
parkinsons-nz,Parkinson's New Zealand,NZ NGO/source,https://www.parkinsons.org.nz/,Scheduled page monitor,3,Monitor support/service/source changes for Parkinson's-related entries
alzheimers-nz,Alzheimers New Zealand,NZ NGO/source,https://alzheimers.org.nz/,Scheduled page monitor,3,Monitor dementia-related public resource changes

