candidate_id,source_id,title,url,source_organisation,candidate_type,detected_at,doi,pmid,summary,condition_terms,status,error_message
pubmed:41793278,pubmed,Speech-language pathology services for acquired communication disorders among indigenous peoples: A systematic review.,https://pubmed.ncbi.nlm.nih.gov/41793278/,PubMed/MEDLINE,bibliographic_record,2026-09-06T19:41:54.092826+00:00,,41793278,Glob Public Health,stroke; epilepsy; dementia; Parkinson; neurological,candidate,
pubmed:42167006,pubmed,Gradient intrafibrillar mineralized collagen scaffold promotes osteochondral regeneration by enhancing differentiation of SCRG1(+) progenitor cells.,https://pubmed.ncbi.nlm.nih.gov/42167006/,PubMed/MEDLINE,bibliographic_record,2026-09-06T19:41:54.092826+00:00,,42167006,Biomaterials,stroke; epilepsy; dementia; Parkinson; neurological,candidate,
pubmed:42699715,pubmed,Characteristics of a Cohort of Individuals With SCA27B Associated With Repeat Expansions in FGF14.,https://pubmed.ncbi.nlm.nih.gov/42699715/,PubMed/MEDLINE,bibliographic_record,2026-09-06T19:41:54.092826+00:00,,42699715,Neurol Genet,stroke; epilepsy; dementia; Parkinson; neurological,candidate,
pubmed:42679829,pubmed,"Adolescent health across Asia Pacific, 2000-23: a systematic analysis for the Global Burden of Disease Study 2023.",https://pubmed.ncbi.nlm.nih.gov/42679829/,PubMed/MEDLINE,bibliographic_record,2026-09-06T19:41:54.092826+00:00,,42679829,Lancet Child Adolesc Health,stroke; epilepsy; dementia; Parkinson; neurological,candidate,
pubmed:42619342,pubmed,Changing frequencies: Boston Naming Test normative data for Australian young adults.,https://pubmed.ncbi.nlm.nih.gov/42619342/,PubMed/MEDLINE,bibliographic_record,2026-09-06T19:41:54.092826+00:00,,42619342,Brain Impair,stroke; epilepsy; dementia; Parkinson; neurological,candidate,
pubmed:42698334,pubmed,Stroke clinical documentation education program in Australia and New Zealand.,https://pubmed.ncbi.nlm.nih.gov/42698334/,PubMed/MEDLINE,bibliographic_record,2026-09-06T19:41:54.092826+00:00,,42698334,Health Inf Manag,stroke; epilepsy; dementia; Parkinson; neurological,candidate,
pubmed:42697710,pubmed,Neurodevelopmental impairment and morbidity patterns across two epochs among extremely preterm infant survivors in Australia and New Zealand.,https://pubmed.ncbi.nlm.nih.gov/42697710/,PubMed/MEDLINE,bibliographic_record,2026-09-06T19:41:54.092826+00:00,,42697710,Arch Dis Child Fetal Neonatal Ed,stroke; epilepsy; dementia; Parkinson; neurological,candidate,
pubmed:42686207,pubmed,Potential Neonatal Donors in Australia: A National Cohort Study.,https://pubmed.ncbi.nlm.nih.gov/42686207/,PubMed/MEDLINE,bibliographic_record,2026-09-06T19:41:54.092826+00:00,,42686207,Pediatrics,stroke; epilepsy; dementia; Parkinson; neurological,candidate,
pubmed:42608334,pubmed,Beyond the protocol: navigating ethics and governance in the multicentre implementation trials - the QASC Australasia and T3 Trials.,https://pubmed.ncbi.nlm.nih.gov/42608334/,PubMed/MEDLINE,bibliographic_record,2026-09-06T19:41:54.092826+00:00,,42608334,Aust Health Rev,stroke; epilepsy; dementia; Parkinson; neurological,candidate,
pubmed:42677595,pubmed,Stereotactic Ablative Body Radiation Therapy for Spinal Oligometastases: Experience at a Single New Zealand Institution.,https://pubmed.ncbi.nlm.nih.gov/42677595/,PubMed/MEDLINE,bibliographic_record,2026-09-06T19:41:54.092826+00:00,,42677595,J Med Imaging Radiat Oncol,stroke; epilepsy; dementia; Parkinson; neurological,candidate,
pubmed:42657687,pubmed,International Comparison of Ambulance Time Intervals for Suspected Stroke/Transient Ischemic Attack Across 7 Emergency Medical Services Before and During the COVID-19 Pandemic.,https://pubmed.ncbi.nlm.nih.gov/42657687/,PubMed/MEDLINE,bibliographic_record,2026-09-06T19:41:54.092826+00:00,,42657687,J Am Heart Assoc,stroke; epilepsy; dementia; Parkinson; neurological,candidate,
pubmed:42597799,pubmed,Pharyngeal electrical stimulation for the treatment of dysphagia in Wallenberg syndrome: A FEES-based case analysis.,https://pubmed.ncbi.nlm.nih.gov/42597799/,PubMed/MEDLINE,bibliographic_record,2026-09-06T19:41:54.092826+00:00,,42597799,eNeurologicalSci,stroke; epilepsy; dementia; Parkinson; neurological,candidate,
pubmed:42586099,pubmed,Antiseizure medication use in pregnancy and the risk of poor fetal growth in the EURAP international registry: a prospective cohort study.,https://pubmed.ncbi.nlm.nih.gov/42586099/,PubMed/MEDLINE,bibliographic_record,2026-09-06T19:41:54.092826+00:00,,42586099,Lancet Neurol,stroke; epilepsy; dementia; Parkinson; neurological,candidate,
pubmed:42418265,pubmed,Ethical Implementation of Organ Donation Following Medical Assistance in Dying: Recommendations of the Ethics Committee of the Transplantation Society.,https://pubmed.ncbi.nlm.nih.gov/42418265/,PubMed/MEDLINE,bibliographic_record,2026-09-06T19:41:54.092826+00:00,,42418265,Transplantation,stroke; epilepsy; dementia; Parkinson; neurological,candidate,
pubmed:41655201,pubmed,"Exploring experiences of specialised rehabilitation services to co-design equitable model of care improvements: a qualitative study with patients, family, staff, and community providers.",https://pubmed.ncbi.nlm.nih.gov/41655201/,PubMed/MEDLINE,bibliographic_record,2026-09-06T19:41:54.092826+00:00,,41655201,Disabil Rehabil,stroke; epilepsy; dementia; Parkinson; neurological,candidate,
pubmed:41486093,pubmed,Depression management in multiple sclerosis (MS) -Patient and clinician perspectives and recommendations.,https://pubmed.ncbi.nlm.nih.gov/41486093/,PubMed/MEDLINE,bibliographic_record,2026-09-06T19:41:54.092826+00:00,,41486093,Neuropsychol Rehabil,stroke; epilepsy; dementia; Parkinson; neurological,candidate,
pubmed:41406193,pubmed,Successful Treatment and Transport of a Prolonged Cardiac Arrest from the Antarctic Continent with Full Neurological Recovery.,https://pubmed.ncbi.nlm.nih.gov/41406193/,PubMed/MEDLINE,bibliographic_record,2026-09-06T19:41:54.092826+00:00,,41406193,Wilderness Environ Med,stroke; epilepsy; dementia; Parkinson; neurological,candidate,
pubmed:42663885,pubmed,A Mixed Effect Analysis of Head Impact Accelerations During Rugby Head Impacts Under Different Gameplay Conditions.,https://pubmed.ncbi.nlm.nih.gov/42663885/,PubMed/MEDLINE,bibliographic_record,2026-09-06T19:41:54.092826+00:00,,42663885,Ann Biomed Eng,stroke; epilepsy; dementia; Parkinson; neurological,candidate,
pubmed:42659672,pubmed,How can we value what is not measured: the need for better data on women's health and primary care.,https://pubmed.ncbi.nlm.nih.gov/42659672/,PubMed/MEDLINE,bibliographic_record,2026-09-06T19:41:54.092826+00:00,,42659672,N Z Med J,stroke; epilepsy; dementia; Parkinson; neurological,candidate,
pubmed:42671282,pubmed,The Prescriber's Guide to Oral Ketamine for Patients With Major Depressive Illness: Principles and Practice.,https://pubmed.ncbi.nlm.nih.gov/42671282/,PubMed/MEDLINE,bibliographic_record,2026-09-06T19:41:54.092826+00:00,,42671282,J Clin Psychiatry,stroke; epilepsy; dementia; Parkinson; neurological,candidate,
,data-govt-nz,,,,source_error,2026-09-06T19:41:54.707805+00:00,,,,,error,neurological: Expecting value: line 1 column 1 (char 0)
,data-govt-nz,,,,source_error,2026-09-06T19:41:54.785267+00:00,,,,,error,stroke: Expecting value: line 1 column 1 (char 0)
,data-govt-nz,,,,source_error,2026-09-06T19:41:54.871939+00:00,,,,,error,dementia: Expecting value: line 1 column 1 (char 0)
,data-govt-nz,,,,source_error,2026-09-06T19:41:54.921419+00:00,,,,,error,disability health: Expecting value: line 1 column 1 (char 0)
