record_id,change_status,changed_fields
NZNEURO-001,changed,zotero_key
NZNEURO-002,changed,zotero_key
NZNEURO-003,changed,zotero_key
NZNEURO-004,changed,zotero_key
NZNEURO-005,changed,zotero_key
NZNEURO-006,changed,zotero_key
NZNEURO-007,changed,zotero_key
NZNEURO-008,changed,zotero_key
NZNEURO-009,changed,zotero_key
NZNEURO-010,changed,zotero_key
NZNEURO-011,changed,zotero_key
NZNEURO-012,changed,zotero_key
NZNEURO-013,changed,zotero_key
NZNEURO-014,changed,zotero_key
NZNEURO-015,changed,zotero_key
NZNEURO-016,changed,zotero_key
NZNEURO-017,changed,zotero_key
NZNEURO-018,changed,zotero_key
NZNEURO-019,changed,zotero_key
NZNEURO-020,changed,zotero_key
NZNEURO-021,changed,zotero_key
NZNEURO-022,changed,zotero_key
NZNEURO-023,changed,zotero_key
NZNEURO-024,changed,zotero_key
NZNEURO-025,changed,zotero_key
NZNEURO-026,changed,zotero_key
NZNEURO-027,changed,zotero_key
NZNEURO-028,changed,zotero_key
NZNEURO-029,changed,zotero_key
NZNEURO-030,changed,zotero_key
NZNEURO-031,changed,zotero_key
NZNEURO-032,changed,zotero_key
NZNEURO-033,changed,zotero_key
NZNEURO-034,changed,zotero_key
NZNEURO-035,changed,zotero_key
NZNEURO-036,changed,zotero_key
NZNEURO-037,changed,zotero_key
NZNEURO-038,changed,zotero_key
NZNEURO-039,changed,zotero_key
NZNEURO-040,changed,zotero_key
NZNEURO-041,changed,zotero_key
NZNEURO-042,changed,zotero_key
NZNEURO-043,changed,zotero_key
NZNEURO-044,changed,zotero_key
NZNEURO-045,changed,zotero_key
NZNEURO-046,changed,zotero_key
NZNEURO-047,changed,zotero_key
NZNEURO-048,changed,zotero_key
NZNEURO-049,changed,zotero_key
NZNEURO-050,changed,zotero_key
NZNEURO-051,changed,zotero_key
NZNEURO-052,changed,zotero_key
NZNEURO-053,changed,zotero_key
NZNEURO-054,changed,zotero_key
NZNEURO-055,changed,zotero_key
NZNEURO-056,changed,zotero_key
NZNEURO-057,changed,zotero_key
NZNEURO-058,changed,zotero_key
NZNEURO-059,changed,zotero_key
NZNEURO-060,changed,zotero_key
NZNEURO-061,changed,zotero_key
NZNEURO-062,changed,zotero_key
NZNEURO-063,changed,zotero_key
NZNEURO-064,changed,zotero_key
NZNEURO-065,changed,zotero_key
NZNEURO-066,changed,zotero_key
NZNEURO-067,changed,zotero_key
NZNEURO-068,changed,zotero_key
NZNEURO-069,changed,zotero_key
NZNEURO-070,changed,zotero_key
NZNEURO-071,changed,zotero_key
NZNEURO-072,changed,zotero_key
NZNEURO-073,changed,zotero_key
NZNEURO-074,changed,zotero_key
NZNEURO-075,changed,zotero_key
NZNEURO-076,changed,zotero_key
NZNEURO-077,changed,zotero_key
NZNEURO-078,changed,zotero_key
NZNEURO-079,changed,zotero_key
