record_id,severity,field,issue
NZNEURO-001,review,public_text,Contains Verification pending text that should remain internal unless approved
NZNEURO-002,review,public_text,Contains Verification pending text that should remain internal unless approved
NZNEURO-003,review,public_text,Contains Verification pending text that should remain internal unless approved
NZNEURO-004,review,public_text,Contains Verification pending text that should remain internal unless approved
NZNEURO-008,review,age_group,Recommended filter/enrichment field is blank
NZNEURO-011,review,public_text,Contains Verification pending text that should remain internal unless approved
NZNEURO-013,review,public_text,Contains Verification pending text that should remain internal unless approved
NZNEURO-017,review,age_group,Recommended filter/enrichment field is blank
NZNEURO-018,review,age_group,Recommended filter/enrichment field is blank
NZNEURO-019,review,age_group,Recommended filter/enrichment field is blank
NZNEURO-019,review,public_text,Contains Verification pending text that should remain internal unless approved
NZNEURO-021,review,public_text,Contains Verification pending text that should remain internal unless approved
NZNEURO-022,review,public_text,Contains Verification pending text that should remain internal unless approved
NZNEURO-029,review,public_text,Contains Verification pending text that should remain internal unless approved
NZNEURO-030,review,public_text,Contains Verification pending text that should remain internal unless approved
NZNEURO-036,review,public_text,Contains Verification pending text that should remain internal unless approved
NZNEURO-037,review,public_text,Contains Verification pending text that should remain internal unless approved
NZNEURO-038,review,public_text,Contains Verification pending text that should remain internal unless approved
NZNEURO-039,review,public_text,Contains Verification pending text that should remain internal unless approved
NZNEURO-041,review,public_text,Contains Verification pending text that should remain internal unless approved
NZNEURO-042,review,public_text,Contains Verification pending text that should remain internal unless approved
NZNEURO-043,blocker,primary_link,Required public field is blank
NZNEURO-043,review,public_text,Contains Verification pending text that should remain internal unless approved
NZNEURO-045,blocker,primary_link,Required public field is blank
NZNEURO-047,review,public_text,Contains Verification pending text that should remain internal unless approved
NZNEURO-052,review,type_of_data,Recommended filter/enrichment field is blank
NZNEURO-052,review,public_text,Contains Verification pending text that should remain internal unless approved
NZNEURO-053,review,type_of_data,Recommended filter/enrichment field is blank
NZNEURO-054,review,type_of_data,Recommended filter/enrichment field is blank
NZNEURO-054,review,public_text,Contains Verification pending text that should remain internal unless approved
NZNEURO-068,review,age_group,Recommended filter/enrichment field is blank
NZNEURO-070,review,public_text,Contains Verification pending text that should remain internal unless approved
NZNEURO-073,review,public_text,Contains Verification pending text that should remain internal unless approved
NZNEURO-074,review,public_text,Contains Verification pending text that should remain internal unless approved
NZNEURO-075,review,public_text,Contains Verification pending text that should remain internal unless approved
NZNEURO-076,review,age_group,Recommended filter/enrichment field is blank
NZNEURO-077,review,type_of_data,Recommended filter/enrichment field is blank
NZNEURO-077,review,age_group,Recommended filter/enrichment field is blank
NZNEURO-078,review,age_group,Recommended filter/enrichment field is blank
NZNEURO-079,review,age_group,Recommended filter/enrichment field is blank
pubmed:42751425,review,candidate,Neurological study focus requires review
pubmed:42167006,review,candidate,Animal breed match does not establish NZ relevance
pubmed:42725169,review,candidate,Neurological study focus requires review
pubmed:42686207,review,candidate,Neurological study focus requires review
pubmed:42679829,review,candidate,Neurological study focus requires review
pubmed:41368923,review,candidate,Neurological study focus requires review
pubmed:42784819,review,candidate,Historical commentary requires data relevance review
pubmed:42619342,review,candidate,Neurological study focus requires review
pubmed:42800307,review,candidate,Neurological study focus requires review
pubmed:42608334,review,candidate,Neurological study focus requires review
,review,candidate,Dataset source discovery failed: neurological: Expecting value: line 1 column 1 (char 0)
,review,candidate,Dataset source discovery failed: stroke: Expecting value: line 1 column 1 (char 0)
,review,candidate,Dataset source discovery failed: dementia: Expecting value: line 1 column 1 (char 0)
,review,candidate,Dataset source discovery failed: disability health: Expecting value: line 1 column 1 (char 0)
XKN759NG,review,metadata_taxonomy,condition_link_needs_review
GIFX9439,review,metadata_taxonomy,condition_link_needs_review
7FVEZCU5,review,metadata_taxonomy,condition_link_needs_review
NH496I5I,review,metadata_taxonomy,condition_link_needs_review
U8ZQFWP3,review,metadata_taxonomy,condition_link_needs_review
PI7UA92B,review,metadata_taxonomy,condition_link_needs_review
PI7DC42C,review,metadata_taxonomy,condition_link_needs_review
KZRM86PN,review,metadata_taxonomy,condition_link_needs_review
JU6CI2PU,review,metadata_taxonomy,condition_link_needs_review
UPR9WHW3,review,metadata_taxonomy,condition_link_needs_review
SRD7EZ54,review,metadata_taxonomy,condition_link_needs_review
UX74KET4,review,metadata_taxonomy,condition_link_needs_review
BGPD7C2G,review,metadata_taxonomy,condition_link_needs_review
RC424WAV,review,metadata_taxonomy,condition_link_needs_review
FAHFRX2X,review,metadata_taxonomy,condition_link_needs_review
54ER2PZK,review,metadata_taxonomy,condition_link_needs_review
HBAVTKKE,review,metadata_taxonomy,condition_link_needs_review
DM5BGIXU,review,metadata_taxonomy,condition_link_needs_review
GCA3A8SP,review,metadata_taxonomy,condition_link_needs_review
SKVP3CF7,review,metadata_taxonomy,condition_link_needs_review
VB7RT7JG,review,metadata_taxonomy,condition_link_needs_review
ECP9ZTAD,review,metadata_taxonomy,condition_link_needs_review
AHRP8BII,review,metadata_taxonomy,condition_link_needs_review
ES7EUQHT,review,metadata_taxonomy,condition_link_needs_review
2DS58QTZ,review,metadata_taxonomy,condition_link_needs_review
742BEAK2,review,metadata_taxonomy,condition_link_needs_review
R97PP5S7,review,metadata_taxonomy,condition_link_needs_review
I6QN3NIK,review,metadata_taxonomy,condition_link_needs_review
GW4Z2CI9,review,metadata_taxonomy,condition_link_needs_review
4ZXKW9R8,review,metadata_taxonomy,condition_link_needs_review
XGBVR4RQ,review,metadata_taxonomy,condition_link_needs_review
J83ADVBS,review,metadata_taxonomy,condition_link_needs_review
JDXH3DXS,review,metadata_taxonomy,condition_link_needs_review
JFD8D5C9,review,metadata_taxonomy,condition_link_needs_review
P3PIHNDI,review,metadata_taxonomy,condition_link_needs_review
GITMJ9PU,review,metadata_taxonomy,condition_link_needs_review
S5SWWPSM,review,metadata_taxonomy,condition_link_needs_review
CTG2Q7QC,review,metadata_taxonomy,condition_link_needs_review
DJQXBXKJ,review,metadata_taxonomy,condition_link_needs_review
EPR87MHR,review,metadata_taxonomy,condition_link_needs_review
6UW8QWPX,review,metadata_taxonomy,condition_link_needs_review
XSEU2HRG,review,metadata_taxonomy,condition_link_needs_review
E8EUK4RI,review,metadata_taxonomy,condition_link_needs_review
5ZW2Q3JJ,review,metadata_taxonomy,condition_link_needs_review
SFMKZGXX,review,metadata_taxonomy,condition_link_needs_review
P4Q2986T,review,metadata_taxonomy,condition_link_needs_review
JZRJCBHU,review,metadata_taxonomy,condition_link_needs_review
EANGJ9ME,review,metadata_taxonomy,condition_link_needs_review
KQXC7UQA,review,metadata_taxonomy,condition_link_needs_review
MNRGNMQT,review,metadata_taxonomy,condition_link_needs_review
W4UBVZIV,review,metadata_taxonomy,condition_link_needs_review
Z25EMFJU,review,metadata_taxonomy,condition_link_needs_review
GDQ6K7SJ,review,metadata_taxonomy,condition_link_needs_review
GJPHP5VF,review,metadata_taxonomy,condition_link_needs_review
66KGABPM,review,metadata_taxonomy,condition_link_needs_review
FTRTMPRX,review,metadata_taxonomy,condition_link_needs_review
T2DMZ3FD,review,metadata_taxonomy,condition_link_needs_review
6NG5UWPG,review,metadata_taxonomy,condition_link_needs_review
AVZGESG8,review,metadata_taxonomy,condition_link_needs_review
UU4R38GT,review,metadata_taxonomy,condition_link_needs_review
I3WFWPGR,review,metadata_taxonomy,condition_link_needs_review
NECHM7GT,review,metadata_taxonomy,condition_link_needs_review
HWRN93PA,review,metadata_taxonomy,condition_link_needs_review
ERH4JDB6,review,metadata_taxonomy,condition_link_needs_review
CR5V7V6I,review,metadata_taxonomy,condition_link_needs_review
5GRN8S5F,review,metadata_taxonomy,condition_link_needs_review
NQ62XT2X,review,metadata_taxonomy,condition_link_needs_review
BCB7WWAC,review,metadata_taxonomy,condition_link_needs_review
WVQJ9B9G,review,metadata_taxonomy,condition_link_needs_review
JXWME77A,review,metadata_taxonomy,condition_link_needs_review
AVB8HMC8,review,metadata_taxonomy,condition_link_needs_review
NBS7M472,review,metadata_taxonomy,condition_link_needs_review
4GD44SHH,review,metadata_taxonomy,condition_link_needs_review
829X3JHQ,review,metadata_taxonomy,condition_link_needs_review
TXVPCH6N,review,metadata_taxonomy,condition_link_needs_review
IH8HMGBF,review,metadata_taxonomy,condition_link_needs_review
VPVTBEZM,review,metadata_taxonomy,condition_link_needs_review
AHBSVIKR,review,metadata_taxonomy,condition_link_needs_review
CACDWEB4,review,metadata_taxonomy,condition_link_needs_review
Z7UKKAU5,review,metadata_taxonomy,catalogue_relationship_needs_review
E2FNEGZ2,review,metadata_taxonomy,catalogue_relationship_needs_review
D683AFXG,review,metadata_taxonomy,catalogue_relationship_needs_review
GJFJI55X,review,metadata_taxonomy,catalogue_relationship_needs_review
EG675KFX,review,metadata_taxonomy,catalogue_relationship_needs_review
6I69SRQ5,review,metadata_taxonomy,catalogue_relationship_needs_review
S5833PBQ,review,metadata_taxonomy,catalogue_relationship_needs_review
47HBUJR7,review,metadata_taxonomy,condition_link_needs_review; catalogue_relationship_needs_review
SQW7NPFB,review,metadata_taxonomy,catalogue_relationship_needs_review
6ESVE4NS,review,metadata_taxonomy,condition_link_needs_review; catalogue_relationship_needs_review
HAH4QXTC,review,metadata_taxonomy,condition_link_needs_review; catalogue_relationship_needs_review
HGA7AVAJ,review,metadata_taxonomy,condition_link_needs_review; catalogue_relationship_needs_review
XIUN8A5Q,review,metadata_taxonomy,condition_link_needs_review; catalogue_relationship_needs_review
Z6MBZMZV,review,metadata_taxonomy,condition_link_needs_review; catalogue_relationship_needs_review
MUQPAZJ2,review,metadata_taxonomy,condition_link_needs_review; catalogue_relationship_needs_review
2DVXB57X,review,metadata_taxonomy,condition_link_needs_review; catalogue_relationship_needs_review
TW3E963N,review,metadata_taxonomy,condition_link_needs_review; catalogue_relationship_needs_review
EDAVCSMB,review,metadata_taxonomy,condition_link_needs_review; catalogue_relationship_needs_review
DFVD67Z5,review,metadata_taxonomy,condition_link_needs_review; catalogue_relationship_needs_review
GRA7CK94,review,metadata_taxonomy,condition_link_needs_review; catalogue_relationship_needs_review
FXG85Q5P,review,metadata_taxonomy,condition_link_needs_review; catalogue_relationship_needs_review
HWIHF86D,review,metadata_taxonomy,condition_link_needs_review; catalogue_relationship_needs_review
KWUM5N9H,review,metadata_taxonomy,condition_link_needs_review; catalogue_relationship_needs_review
6WGJMNV5,review,metadata_taxonomy,condition_link_needs_review; catalogue_relationship_needs_review
H73EAU2B,review,metadata_taxonomy,condition_link_needs_review; catalogue_relationship_needs_review
77K44XI4,review,metadata_taxonomy,condition_link_needs_review; catalogue_relationship_needs_review
2P6XGG23,review,metadata_taxonomy,condition_link_needs_review; catalogue_relationship_needs_review
8N6M5G5U,review,metadata_taxonomy,condition_link_needs_review; catalogue_relationship_needs_review
7UEN3JMK,review,metadata_taxonomy,condition_link_needs_review; catalogue_relationship_needs_review
H2RFFEEZ,review,metadata_taxonomy,condition_link_needs_review; catalogue_relationship_needs_review
2V8AFADR,review,metadata_taxonomy,condition_link_needs_review; catalogue_relationship_needs_review
3BIQ6AT7,review,metadata_taxonomy,condition_link_needs_review; catalogue_relationship_needs_review
KK9VIGIB,review,metadata_taxonomy,condition_link_needs_review; catalogue_relationship_needs_review
3FPUT4CF,review,metadata_taxonomy,condition_link_needs_review; catalogue_relationship_needs_review
QM2DQDBA,review,metadata_taxonomy,condition_link_needs_review; catalogue_relationship_needs_review
CTG7TZBB,review,metadata_taxonomy,condition_link_needs_review; catalogue_relationship_needs_review
GF94ZRD2,review,metadata_taxonomy,condition_link_needs_review; catalogue_relationship_needs_review
7GKBK7P9,review,metadata_taxonomy,condition_link_needs_review; catalogue_relationship_needs_review
XDDQ6RK3,review,metadata_taxonomy,condition_link_needs_review; catalogue_relationship_needs_review
R4H9IG2M,review,metadata_taxonomy,condition_link_needs_review; catalogue_relationship_needs_review
XG65VES6,review,metadata_taxonomy,condition_link_needs_review; catalogue_relationship_needs_review
H46HP73R,review,metadata_taxonomy,condition_link_needs_review; catalogue_relationship_needs_review
P3EZ3PT7,review,metadata_taxonomy,condition_link_needs_review; catalogue_relationship_needs_review
36DIBF5A,review,metadata_taxonomy,condition_link_needs_review; catalogue_relationship_needs_review
ZCG6ERHU,review,metadata_taxonomy,condition_link_needs_review; catalogue_relationship_needs_review
68ZKCJ54,review,metadata_taxonomy,condition_link_needs_review; catalogue_relationship_needs_review
2W78DDDZ,review,metadata_taxonomy,condition_link_needs_review; catalogue_relationship_needs_review
BAI27RQW,review,metadata_taxonomy,condition_link_needs_review; catalogue_relationship_needs_review
RG2EFR6Q,review,metadata_taxonomy,condition_link_needs_review; catalogue_relationship_needs_review
4KJ8HX5Z,review,metadata_taxonomy,condition_link_needs_review; catalogue_relationship_needs_review
BSFERZVE,review,metadata_taxonomy,condition_link_needs_review; catalogue_relationship_needs_review
2JCM3BMQ,review,metadata_taxonomy,condition_link_needs_review; catalogue_relationship_needs_review
Q5RIHIRN,review,metadata_taxonomy,condition_link_needs_review; catalogue_relationship_needs_review
ES687KWX,review,metadata_taxonomy,condition_link_needs_review; catalogue_relationship_needs_review
RHQVPGD4,review,metadata_taxonomy,condition_link_needs_review; catalogue_relationship_needs_review
386R7QH5,review,metadata_taxonomy,condition_link_needs_review; catalogue_relationship_needs_review
KD7D7TIK,review,metadata_taxonomy,condition_link_needs_review; catalogue_relationship_needs_review
UF8T8CJZ,review,metadata_taxonomy,condition_link_needs_review; catalogue_relationship_needs_review
KKTG39QN,review,metadata_taxonomy,condition_link_needs_review; catalogue_relationship_needs_review
3WNJ9U45,review,metadata_taxonomy,condition_link_needs_review; catalogue_relationship_needs_review
7N672Z7S,review,metadata_taxonomy,condition_link_needs_review; catalogue_relationship_needs_review
VGCCVSIV,review,metadata_taxonomy,condition_link_needs_review; catalogue_relationship_needs_review
NPUDVGNN,review,metadata_taxonomy,condition_link_needs_review; catalogue_relationship_needs_review
FQSHH4E9,review,metadata_taxonomy,condition_link_needs_review; catalogue_relationship_needs_review
SRSMUBJE,review,metadata_taxonomy,condition_link_needs_review; catalogue_relationship_needs_review
AXQND3D5,review,metadata_taxonomy,condition_link_needs_review; catalogue_relationship_needs_review
AW2NPB6R,review,metadata_taxonomy,condition_link_needs_review; catalogue_relationship_needs_review
5WZGMIDC,review,metadata_taxonomy,condition_link_needs_review; catalogue_relationship_needs_review
ND3376VA,review,metadata_taxonomy,condition_link_needs_review; catalogue_relationship_needs_review
Q9JE8K6W,review,metadata_taxonomy,condition_link_needs_review; catalogue_relationship_needs_review
BXU9ZJ7X,review,metadata_taxonomy,condition_link_needs_review; catalogue_relationship_needs_review
U3NE4SVJ,review,metadata_taxonomy,condition_link_needs_review; catalogue_relationship_needs_review
DTSC9UHC,review,metadata_taxonomy,condition_link_needs_review; catalogue_relationship_needs_review
6GIAXEQR,review,metadata_taxonomy,condition_link_needs_review; catalogue_relationship_needs_review
MJ54EQHK,review,metadata_taxonomy,condition_link_needs_review; catalogue_relationship_needs_review
99M6KG9F,review,metadata_taxonomy,condition_link_needs_review; catalogue_relationship_needs_review
ZG9BQHNG,review,metadata_taxonomy,condition_link_needs_review; catalogue_relationship_needs_review
8INAGJTD,review,metadata_taxonomy,condition_link_needs_review; catalogue_relationship_needs_review
XTQB4PS9,review,metadata_taxonomy,condition_link_needs_review; catalogue_relationship_needs_review
83MCCMA3,review,metadata_taxonomy,condition_link_needs_review; catalogue_relationship_needs_review
Z2NW663X,review,metadata_taxonomy,condition_link_needs_review; catalogue_relationship_needs_review
256EV6CE,review,metadata_taxonomy,condition_link_needs_review; catalogue_relationship_needs_review
JCWF479M,review,metadata_taxonomy,condition_link_needs_review; catalogue_relationship_needs_review
NPEFHPU8,review,metadata_taxonomy,condition_link_needs_review; catalogue_relationship_needs_review
PJJK7GDW,review,metadata_taxonomy,condition_link_needs_review; catalogue_relationship_needs_review
K4C77HQC,review,metadata_taxonomy,condition_link_needs_review; catalogue_relationship_needs_review
MSAQQ6TT,review,metadata_taxonomy,condition_link_needs_review; catalogue_relationship_needs_review
AJCAVTN6,review,metadata_taxonomy,condition_link_needs_review; catalogue_relationship_needs_review
U5AUR9TA,review,metadata_taxonomy,condition_link_needs_review; catalogue_relationship_needs_review
TV43QMFM,review,metadata_taxonomy,condition_link_needs_review; catalogue_relationship_needs_review
ZXZC9RIB,review,metadata_taxonomy,condition_link_needs_review; catalogue_relationship_needs_review
Z462SZ5P,review,metadata_taxonomy,condition_link_needs_review; catalogue_relationship_needs_review
UTW74D5D,review,metadata_taxonomy,condition_link_needs_review; catalogue_relationship_needs_review
CC8NWJUI,review,metadata_taxonomy,condition_link_needs_review; catalogue_relationship_needs_review
TEWU7EX3,review,metadata_taxonomy,condition_link_needs_review; catalogue_relationship_needs_review
VFRSQM2H,review,metadata_taxonomy,condition_link_needs_review; catalogue_relationship_needs_review
FAVS3KXG,review,metadata_taxonomy,condition_link_needs_review; catalogue_relationship_needs_review
XC88QFFW,review,metadata_taxonomy,condition_link_needs_review; catalogue_relationship_needs_review
ZS4KT6I6,review,metadata_taxonomy,condition_link_needs_review; catalogue_relationship_needs_review
FWPI64XE,review,metadata_taxonomy,condition_link_needs_review; catalogue_relationship_needs_review
U9CKTPQ3,review,metadata_taxonomy,condition_link_needs_review; catalogue_relationship_needs_review
C33CPP42,review,metadata_taxonomy,condition_link_needs_review; catalogue_relationship_needs_review
99NUGKU5,review,metadata_taxonomy,condition_link_needs_review; catalogue_relationship_needs_review
BPT9S36K,review,metadata_taxonomy,condition_link_needs_review; catalogue_relationship_needs_review
DF3RFGTR,review,metadata_taxonomy,condition_link_needs_review; catalogue_relationship_needs_review
AED8FMIM,review,metadata_taxonomy,condition_link_needs_review; catalogue_relationship_needs_review
FXQS3G8X,review,metadata_taxonomy,condition_link_needs_review; catalogue_relationship_needs_review
TWMMZW4V,review,metadata_taxonomy,condition_link_needs_review; catalogue_relationship_needs_review
8U5HT2ZI,review,metadata_taxonomy,condition_link_needs_review; catalogue_relationship_needs_review
MC6MK32C,review,metadata_taxonomy,condition_link_needs_review; catalogue_relationship_needs_review
FEU5DF28,review,metadata_taxonomy,condition_link_needs_review; catalogue_relationship_needs_review
N3TJ8258,review,metadata_taxonomy,condition_link_needs_review; catalogue_relationship_needs_review
NG5ZRQ5S,review,metadata_taxonomy,synonyms_not_recorded
RFPM69KT,review,metadata_taxonomy,synonyms_not_recorded
E5MGUBE3,review,metadata_taxonomy,synonyms_not_recorded
WBFMTAX9,review,metadata_taxonomy,synonyms_not_recorded
IAXBPP22,review,metadata_taxonomy,synonyms_not_recorded
AEVD6E2A,review,metadata_taxonomy,synonyms_not_recorded
8XZUCRKN,review,metadata_taxonomy,synonyms_not_recorded
794U4VZU,review,metadata_taxonomy,synonyms_not_recorded
78JK5NUZ,review,metadata_taxonomy,synonyms_not_recorded
MJPKSKI9,review,metadata_taxonomy,synonyms_not_recorded
QHGJF587,review,metadata_taxonomy,synonyms_not_recorded
A59DZXGX,review,metadata_taxonomy,synonyms_not_recorded
A9JI82N7,review,metadata_taxonomy,synonyms_not_recorded
UPGI598M,review,metadata_taxonomy,synonyms_not_recorded
BT83R6PZ,review,metadata_taxonomy,synonyms_not_recorded
WGJEN5IN,review,metadata_taxonomy,synonyms_not_recorded
PHHWZU22,review,metadata_taxonomy,synonyms_not_recorded
Q4KJTPTV,review,metadata_taxonomy,synonyms_not_recorded
NV7WW5ZC,review,metadata_taxonomy,synonyms_not_recorded
4JG4QQBC,review,metadata_taxonomy,synonyms_not_recorded
IF7GKETR,review,metadata_taxonomy,synonyms_not_recorded
HHVEK8SQ,review,metadata_taxonomy,synonyms_not_recorded
C8DC537Q,review,metadata_taxonomy,synonyms_not_recorded
W42QPNMG,review,metadata_taxonomy,synonyms_not_recorded
AH7D4KNQ,review,metadata_taxonomy,synonyms_not_recorded
VIUCU4VN,review,metadata_taxonomy,synonyms_not_recorded
PMS836M5,review,metadata_taxonomy,synonyms_not_recorded
DU3FXFVI,review,metadata_taxonomy,synonyms_not_recorded
KAF6RZMP,review,metadata_taxonomy,synonyms_not_recorded
3TMCNBG3,review,metadata_taxonomy,synonyms_not_recorded
GMK7H4KD,review,metadata_taxonomy,synonyms_not_recorded
MX9TPT86,review,metadata_taxonomy,synonyms_not_recorded
IPBKD52R,review,metadata_taxonomy,synonyms_not_recorded
4N7M7EA7,review,metadata_taxonomy,synonyms_not_recorded
EXUBD7CR,review,metadata_taxonomy,synonyms_not_recorded
MM7IJTQT,review,metadata_taxonomy,synonyms_not_recorded
J7UX9K7E,review,metadata_taxonomy,synonyms_not_recorded
65JSD6Q3,review,metadata_taxonomy,synonyms_not_recorded
XQ88VGPN,review,metadata_taxonomy,synonyms_not_recorded
MX8DVFBH,review,metadata_taxonomy,synonyms_not_recorded
HTUA83KS,review,metadata_taxonomy,synonyms_not_recorded
75PEWA8Q,review,metadata_taxonomy,synonyms_not_recorded
RQGXEJWI,review,metadata_taxonomy,synonyms_not_recorded
AF6VBA34,review,metadata_taxonomy,synonyms_not_recorded
W79U9FJU,review,metadata_taxonomy,synonyms_not_recorded
8VNKEAG6,review,metadata_taxonomy,synonyms_not_recorded
FF56X48B,review,metadata_taxonomy,synonyms_not_recorded
IGNV5GNB,review,metadata_taxonomy,synonyms_not_recorded
FT9XW258,review,metadata_taxonomy,synonyms_not_recorded
GENUZPVN,review,metadata_taxonomy,synonyms_not_recorded
FMEQVBNP,review,metadata_taxonomy,synonyms_not_recorded
WN9R5BGV,review,metadata_taxonomy,synonyms_not_recorded
IPBCUECI,review,metadata_taxonomy,synonyms_not_recorded
6XVTQPFK,review,metadata_taxonomy,synonyms_not_recorded
UWI6HDZU,review,metadata_taxonomy,synonyms_not_recorded
5KX3XQPK,review,metadata_taxonomy,synonyms_not_recorded
RTHC59DB,review,metadata_taxonomy,synonyms_not_recorded
7NHA35MJ,review,metadata_taxonomy,synonyms_not_recorded
PHRUC4SD,review,metadata_taxonomy,synonyms_not_recorded
VXE5VUKM,review,metadata_taxonomy,synonyms_not_recorded
9HG3S588,review,metadata_taxonomy,synonyms_not_recorded
JXTSHXKD,review,metadata_taxonomy,synonyms_not_recorded
W4K585X7,review,metadata_taxonomy,synonyms_not_recorded
G8JDPTRT,review,metadata_taxonomy,synonyms_not_recorded
I3CW8WVF,review,metadata_taxonomy,synonyms_not_recorded
GV936WR4,review,metadata_taxonomy,synonyms_not_recorded
EICXAXBV,review,metadata_taxonomy,synonyms_not_recorded
MCRQ9DM9,review,metadata_taxonomy,synonyms_not_recorded
S8K7MI3C,review,metadata_taxonomy,synonyms_not_recorded
2RHR5VW3,review,metadata_taxonomy,synonyms_not_recorded
A366IBSV,review,metadata_taxonomy,synonyms_not_recorded
MMF988JM,review,metadata_taxonomy,synonyms_not_recorded
673UHNJF,review,metadata_taxonomy,synonyms_not_recorded
2KPGNQKP,review,metadata_taxonomy,synonyms_not_recorded
8MWQVUPW,review,metadata_taxonomy,synonyms_not_recorded
EZ5N6Z6A,review,metadata_taxonomy,synonyms_not_recorded
6NHE6I8D,review,metadata_taxonomy,synonyms_not_recorded
SIQK64Z5,review,metadata_taxonomy,synonyms_not_recorded
6KEFMNFK,review,metadata_taxonomy,synonyms_not_recorded
